CODIGO,PADRE,AÑO,NOMBRE,PAGOS
A.5.4,A.5,2016,PREINVERSIÓN EN INFRAESTRUCTURA,196002.924
A.1,A,2017,EDUCACIÓN,3155969742498
A.3.10.13,A.3.10,2016,ACUEDUCTO- SUBSIDIOS,126718243.029
A.12.10,A.12,2016,INVERSIONES EN INFRAESTRUCTURA FÍSICA PARA PREVENCIÓN Y REFORZAMIENTO ESTRUCTURAL.,668560.251
A.14.3.3,A.14.3,2016,CONTRATACIÓN DEL SERVICIO,27288838.175
A.17.1,A.17,2016,PROCESOS INTEGRALES DE EVALUACIÓN INSTITUCIONAL Y REORGANIZACIÓN ADMINISTRATIVA,306398394.688
A.2.2.23,A.2.2,2017,GESTIÓN EN SALUD PUBLICA,41806339696
A.9.15,A.9,2016,SISTEMAS DE TRANSPORTE MASIVO,382802965.494
A.1.1.2.2.2.2,A.1.1.2.2.2,2017,ICBF,32061017039
A.1.1.2.2.2.5,A.1.1.2.2.2,2016,INSTITUTOS TÉCNICOS,9908957.517
A.12.9,A.12,2016,EDUCACIÓN PARA LA PREVENCIÓN Y ATENCIÓN DE DESASTRES CON FINES DE CAPACITACIÓN Y PREPARACIÓN,4827958.33
A.1.1.2.5.2.4,A.1.1.2.5.2,2016,CAJAS DE COMPENSACIÓN FAMILIAR,2277660.86
A.2.2.23.3,A.2.2.23,2016,GESTIÓN PROGRÁMATICA DE LA SALUD PUBLICA,17999714.687
A.12.5,A.12,2016,MONITOREO EVALUACIÓN Y ZONIFICACIÓN DE RIESGO PARA FINES DE PLANIFICACIÓN,499975.908
A.17,A,2016,FORTALECIMIENTO INSTITUCIONAL,384696231.546
A.7,A,2016,VIVIENDA,94886788.104
A.1.1.2.1.1.10,A.1.1.2.1.1,2017,APORTES DE PREVISIÓN SOCIAL,81624831073
A.9.12,A.9,2017,INTERVENTORIA DE PROYECTOS DE CONSTRUCCIÓN Y MANTENIMIENTO DE INFRAESTRUCTURA DE TRANSPORTE,5695581651
A.14.1.5,A.14.1,2016,PROGRAMA DE ATENCION INTEGRAL A LA PRIMERA INFANCIA,243085867.679
A.1.2.1.2,A.1.2.1,2016,CONSULTORIAS Y ASESORIAS,206414.411
A.2.4.7,A.2.4,2016,PAGO DE OTRAS DEUDAS QUE NO CORRESPONDEN A CARTERA HOSPITALARIA O INFRAESTRUCTURA,2005800.457
A.2.2.19.2,A.2.2.19,2016,GESTIÓN DEL RIESGO PREVENCIÓN Y ATENCIÓN INTEGRAL EN SSR DESDE UN ENFOQUE DE DERECHOS,4951891.653
A.10.19.4.3,A.10.19.4,2016,IMPLEMENTACION DE PROYECTOS  DE REDUCCION DE EMISIONES GEI EN  SECTORES EMISORES  ART. 76.5.2. LEY 715 DE 2001,103723349
A.12.4.1,A.12.4,2017,RECUPERACIÓN DE ÁREAS DESALOJADAS EN PROCESOS DE REUBICACIÓN DE ASENTAMIENTOS HUMANOS,208255382
A.4.2,A.4,2016,CONSTRUCCIÓN MANTENIMIENTO Y/O ADECUACIÓN DE LOS ESCENARIOS DEPORTIVOS Y RECREATIVOS,44950135.561
A.14.3.2,A.14.3,2016,ADECUACIÓN DE INFRAESTRUCTURA,817773.205
A.9.11,A.9,2016,COMPRA DE MAQUINARIA Y EQUIPO,8586900.647
A.1.7.1,A.1.7,2016,COMPETENCIAS LABORALES GENERALES Y FORMACIÓN PARA EL TRABAJO Y EL DESARROLLO HUMANO ,38707961.329
A.14.4.4.1,A.14.4.4,2016,TALENTO HUMANO QUE DESARROLLA FUNCIONES DE CARÁCTER OPERATIVO,11412503.466
A.2.4.1,A.2.4,2017,INVESTIGACIÓN EN SALUD,35209327268
A.14.2,A.14,2016,PROTECCIÓN INTEGRAL DE LA NIÑEZ,53688179.445
A.3.12.5,A.3.12,2017,ASEO-INTERVENTORÍA,704028996
A.1.1.2.2.1.1,A.1.1.2.2.1,2017,APORTES PARA SALUD,9294742808
A.2.2.20,A.2.2,2016,VIDA SALUDABLE Y ENFERMEDADES TRANSMISIBLES,14370904.419
A.3.12,A.3,2017,SERVICIO DE ASEO,26623802513
A.1.1.2.5.2,A.1.1.2.5,2017,APORTES PARAFISCALES ,4904486330
A.5.5.2,A.5.5,2016,MANTENIMIENTO DE LA INFRAESTRUCTURA ARTISTICA Y CULTURAL,250834.219
A.4,A,2016,DEPORTE Y RECREACIÓN,96835928.745
A.1.1.2.5.2.1,A.1.1.2.5.2,2017,SENA,273293235
A.2.1.3,A.2.1,2016,0.4% INTERVENTORIA DEL RÉGIMEN SUBSIDIADO,0
A.14.1,A.14,2017,PROTECCIÓN INTEGRAL A LA PRIMERA INFANCIA,186087593502
A.1.2.11,A.1.2,2017,DISEÑO E IMPLEMENTACIÓN DE PLANES DE MEJORAMIENTO,15371044689
A.4.1,A.4,2017,FOMENTO DESARROLLO Y PRÁCTICA DEL DEPORTE LA RECREACIÓN Y EL APROVECHAMIENTO DEL TIEMPO LIBRE,26459898113
A.14.2.4.1,A.14.2.4,2016,TALENTO HUMANO QUE DESARROLLA FUNCIONES DE CARÁCTER OPERATIVO,10859360.362
A.18.4.3,A.18.4,2017,COMPRA DE EQUIPO DE COMUNICACIÓN MONTAJE Y OPERACIÓN DE REDES DE INTELIGENCIA,26045939540
A.1.7.2,A.1.7,2017,APLICACIÓN DE PROYECTOS EDUCATIVOS TRANSVERSALES,110567160397
A.17.6,A.17,2017,ACTUALIZACIÓN DEL SISBEN,2081762922
A.1.1.7,A.1.1,2016,CONTRATACIÓN DE VIGILANCIA A LOS ESTABLECIMIENTOS EDUCATIVOS ESTATALES,102174195.547
A.18.4.2,A.18.4,2017,RECONSTRUCCIÓN DE CUARTELES Y DE OTRAS INSTALACIONES,2252416287
A.14.18.3,A.14.18,2016,CONTRATACIÓN DEL SERVICIO,34110391.835
A.5.2,A.5,2017,FORMACIÓN CAPACITACIÓN E INVESTIGACIÓN ARTÍSTICA Y CULTURAL,37433625041
A.14.18.4,A.14.18,2016,PRESTACIÓN DIRECTA DEL SERVICIO,22353785.584
A.1.1.2.4.2.5,A.1.1.2.4.2,2016,INSTITUTOS TÉCNICOS,1487925.02
A.14.3,A.14,2017,PROTECCIÓN INTEGRAL A LA ADOLESCENCIA,36646246024
A.9.3,A.9,2016,REHABILITACIÓN DE VÍAS,0
A.1.1.2.4.2.3,A.1.1.2.4.2,2017,ESAP,431626000
A.2.2.17,A.2.2,2016,CONVIVENCIA SOCIAL  Y SALUD MENTAL,13897032.509
A.1.2.4,A.1.2,2017,DOTACIÓN INSTITUCIONAL DE INFRAESTRUCTURA EDUCATIVA,19793165502
A.1.1.2.4.2.2,A.1.1.2.4.2,2017,ICBF,2589756000
A.2.2.16.2,A.2.2.16,2016,GESTIÓN DEL RIESGO CONDICIONES CRÓNICAS PREVALENTES,6114604.837
A.1.1.2.2.1,A.1.1.2.2,2017,APORTES DE PREVISIÓN SOCIAL ,33164209260
A.1.1.1.2.2,A.1.1.1.2,2017,PERSONAL DIRECTIVO DOCENTE - SIN SITUACIÓN DE FONDOS SSF,7438826200
A.14.5,A.14,2017,ATENCIÓN Y APOYO A MADRES/PADRES CABEZA DE HOGAR  ,102505110221
A.1.1.10,A.1.1,2016,CONTRATACION DEL SERVICIO EDUCATIVO POR PARTE DE LAS ENTIDADES TERRITORIALES  CERTIFICADAS,123014357.751
A.5.3,A.5,2017,PROTECCIÓN DEL PATRIMONIO CULTURAL ,6846812400
A.1.2.12,A.1.2,2016,ARRENDAMIENTO DE INMUEBLES DESTINADOS A LA PRESTACIÓN DEL SERVICIO PÚBLICO EDUCATIVO,5279111.015
A.1.2.7,A.1.2,2017,TRANSPORTE ESCOLAR,113004814825
A.2.3.2.5,A.2.3.2,2017,RECOBROS DE LAS EPS DEL REGIMEN SUBSIDIADO POR EVENTOS NO INCLUIDOS EN EL POS,4998800353
A.2.4,A.2,2017,OTROS GASTOS EN SALUD,196001071552
A.18.4,A.18,2016,FONDO DE SEGURIDAD DE LAS ENTIDADES TERRITORIALES - FONSET LEY 1421 DE 2010,79071697.829
A.1.3.8,A.1.3,2016,TRANSFERENCIAS PARA CALIDAD GRATUIDAD,64720136.580
A.15.9,A.15,2017,CONSTRUCCIÓN DE ZONAS VERDES PARQUES PLAZAS Y PLAZOLETAS,102526153873
A.1.1,A.1,2017,COBERTURA,2088105070936
A.7.5,A.7,2016,PLANES Y PROYECTOS PARA LA ADQUISICIÓN Y/O CONSTRUCCIÓN DE VIVIENDA,66749141.563
A.2.2.23.5,A.2.2.23,2016,DESARROLLO DE CAPACIDADES PARA LA GESTION DE SALUD PUBLICA,8982845.538
A,,2017,TOTAL INVERSIÓN,10207063183472
A.1.1.1.2,A.1.1.1,2017,PERSONAL DIRECTIVO - DOCENTE,116742663200
A.2.2.23.2,A.2.2.23,2016,VIGILANCIA Y CONTROL EN SALUD PUBLICA,512003.155
A.3.10,A.3,2016,SERVICIO DE ACUEDUCTO,126718243.029
A.14.4.3,A.14.4,2016,CONTRATACIÓN DEL SERVICIO,122684052.234
A.14.18.4.1,A.14.18.4,2016,TALENTO HUMANO QUE DESARROLLA FUNCIONES DE CARÁCTER OPERATIVO,13149258.990
A.15.2,A.15,2016,CONSTRUCCIÓN DE DEPENDENCIAS DE LA ADMINISTRACIÓN,168053.646
A.2.4.3,A.2.4,2016,REORGANIZACIÓN DE REDES DE PRESTADORES DE SERVICIOS DE SALUD,238603228.509
A.14.3.4.1,A.14.3.4,2016,TALENTO HUMANO QUE DESARROLLA FUNCIONES DE CARÁCTER OPERATIVO,11602471.698
A.18,A,2017,JUSTICIA Y SEGURIDAD,161546761053
A.1.4.3,A.1.4,2017,CONECTIVIDAD,49830027638
A.2.2.19,A.2.2,2016,SEXUALIDAD DERECHOS SEXUALES Y REPRODUCTIVOS,5360356.108
A.2.4.9,A.2.4,2017,INVERSIONES DIRECTAS EN LA RED PUBLICA SEGÚN PLAN BIENAL EN INFRAESTRUCTURA,2250140312
A.1.1.2.4.1,A.1.1.2.4,2017,APORTES DE PREVISIÓN SOCIAL ,7506962137
A.1.4.1,A.1.4,2017,MODERNIZACIÓN DE LA SECRETARIA DE EDUCACIÓN,104759399800
A.13.7,A.13,2016,ADQUISICIÓN DE MAQUINARIA Y EQUIPO,136058.007
A.1.1.2.5.1.3,A.1.1.2.5.1,2017,APORTES ARP,251585531
A.5.7,A.5,2016,DOTACIÓN DE LA INFRAESTRUCTURA ARTÍSTICA Y CULTURAL  ,20997518.746
A.1.2.2,A.1.2,2016,CONSTRUCCIÓN AMPLIACIÓN Y ADECUACIÓN DE INFRAESTRUCTURA EDUCATIVA,124706888.676
A.3.12.6,A.3.12,2017,ASEO-FORTALECIMIENTO INSTITUCIONAL,23572034082
A.14.4,A.14,2017,ATENCIÓN Y APOYO AL ADULTO MAYOR,141913004902
A.11,A,2016,CENTROS DE RECLUSIÓN,2795129.798
A.15,A,2016,EQUIPAMIENTO ,31975402.719
A.1.1.2.3,A.1.1.2,2016,PERSONAL DIRECTIVO - DOCENTE SIN SITUACIÓN DE FONDOS,11510744
A.10.8.2,A.10.8,2016,CONSERVACIÓN PROTECCIÓN RESTAURACIÓN Y APROVECHAMIENTO SOSTENIBLE DE ECOSISTEMAS DIFERENTES A LOS FORESTALES,33732165.641
A.14.20.1.2,A.14.20.1,2017,ASISTENCIA Y ATENCIÓN INTEGRAL,14504341330
A.12.4.2,A.12.4,2016,REUBICACIÓN DE ASENTAMIENTOS HUMANOS CLASIFICADOS EN CONDICIÓN DE ALTO RIESGO DE DESASTRE,6361222.250
A.2.3.2.1,A.2.3.2,2017,SERVICIOS CONTRATADOS CON EMPRESAS SOCIALES DEL ESTADO,82480687243
A.18.4.6,A.18.4,2017,GASTOS DESTINADOS A GENERAR AMBIENTES QUE PROPICIEN LA SEGURIDAD CIUDADANA Y LA PRESERVACIÓN DEL ORDEN PÚBLICO.,90817194801
A.17.10,A.17,2016,ELABORACIÓN Y ACTUALIZACIÓN DEL PLAN DE ORDENAMIENTO TERRITORIAL,5102005.206
A.1.3,A.1,2016,CALIDAD - GRATUIDAD,64720136.58
A.2.2.18,A.2.2,2016,SEGURIDAD ALIMENTARIA Y NUTRICIONAL,2648945.621
A.1.1.2.4.1.1,A.1.1.2.4.1,2017,APORTES PARA SALUD,7506962137
A.2.3.2.4,A.2.3.2,2017,ATENCIÓN DE URGENCIAS SIN CONTRATO  CON INSTITUCIONES PRESTADORAS DE SERVICIOS DE SALUD PRIVADAS O MIXTAS,2250742319
A.1.1.2.1,A.1.1.2,2016,PERSONAL DOCENTE SIN SITUACIÓN DE FONDOS,154795979.981
A.13.2,A.13,2017,PROMOCIÓN DE CAPACITACIÓN PARA EMPLEO,137294146
A.14.2.3,A.14.2,2016,CONTRATACIÓN DEL SERVICIO,39744436.543
A.1.1.2.5.1.2,A.1.1.2.5.1,2017,APORTES PARA PENSIÓN,5955193600
A.2.2.20.1,A.2.2.20,2017,GESTIÓN DEL RIESGO EN ENFERMEDADES INMUNOPREVENIBLES - PAI,6169470918
A.1.2.6.2,A.1.2.6,2016,ENERGÍA,13684154.797
A.10.19,A.10,2016,CAMBIO CLIMÁTICO ADAPTACIÓN Y MITIGACION AL CAMBIO CLIMÁTICO,103723349
A.12.6,A.12,2017,ATENCIÓN DE DESASTRES,552000000
A.2.1.4,A.2.1,2016,0.4% INSPECCIÓN VIGILANCIA Y CONTROL -SUPERINTENDENCIA DE SALUD,4091393.168
A.13.6,A.13,2016,CONSTRUCCIÓN MEJORAMIENTO Y MANTENIMIENTO DE INFRAESTRUCTURA FÍSICA,739428434.622
A.18.2,A.18,2017,CONTRATACIÓN DE SERVICIOS ESPECIALES DE POLICÍA EN CONVENIO CON LA POLICÍA NACIONAL,3004137180
A.9.4,A.9,2016,MANTENIMIENTO RUTINARIO DE VÍAS,25214273.912
A.15.3,A.15,2016,MEJORAMIENTO Y MANTENIMIENTO DE DEPENDENCIAS DE LA ADMINISTRACIÓN,11410619.885
A.1.2.6.1,A.1.2.6,2017,ACUEDUCTO ALCANTARILLADO Y ASEO,17500605781
A.4.5,A.4,2016,PAGO DE INSTRUCTORES CONTRATADOS PARA LA PRÁCTICA DEL DEPORTE Y LA RECREACIÓN,11369055.979
A.2.3,A.2,2016,PRESTACION DE SERVICIOS A LA POBLACION POBRE EN LO NO CUBIERTO CON SUBSIDIOS A LA DEMANDA,157029239.482
A.13,A,2017,PROMOCIÓN DEL DESARROLLO,1926219428779
A.7.8,A.7,2016,PREINVERSIÓN EN INFRAESTRUCTURA,7152885
A.5.13,A.5,2016,PAGO DE DÉFICIT DE INVERSIÓN EN CULTURA,1058159.299
A.14.18.4.2,A.14.18.4,2017,ADQUISICIÓN DE INSUMOS SUMINISTROS Y DOTACIÓN,10758309069
A.13.11,A.13,2016,PROYECTOS INTEGRALES DE CIENCIA TECNOLOGÍA E INNOVACIÓN,605403.766
A.16.3,A.16,2016,CAPACITACIÓN A LA COMUNIDAD SOBRE PARTICIPACIÓN EN LA GESTIÓN PÚBLICA ,101985
A.1.4,A.1,2017,EFICIENCIA EN LA ADMINISTRACIÓN DEL SERVICIO EDUCATIVO,154589427438
A.2.2.18.2,A.2.2.18,2017,GESTIÓN DEL RIESGO CONSUMO Y APROVECHAMIENTO BIOLÓGICO DE LOS ALIMENTOS CALIDAD E INOCUIDAD DE LOS ALIMENTOS,5194559845
A.2.2.17.2,A.2.2.17,2016,GESTIÓN DEL RIESGO PREVENCIÓN Y ATENCIÓN INTEGRAL A PROBLEMAS Y TRASTORNOS MENTALES Y SPA.,4721411.196
A.2.3.1,A.2.3,2016,PRESTACION DE SERVICIOS DE SALUD PARA LA POBLACIÓN POBRE NO ASEGURADA,45820006.295
A.14.5.4.1,A.14.5.4,2016,TALENTO HUMANO QUE DESARROLLA FUNCIONES DE CARÁCTER OPERATIVO,22702690.193
A.1.7.4,A.1.7,2016,PAGO DE DÉFICIT DE INVERSIÓN EN EDUCACIÓN - DE CARÁCTER EXCEPCIONAL,220722.759
A.3.10.4,A.3.10,2017,ACUEDUCTO- TRATAMIENTO,0
A.1.1.2.2.1.4,A.1.1.2.2.1,2016,APORTES PARA CESANTÍAS,9269002.584
A.5,A,2016,CULTURA,192288566.536
A.2.2.21,A.2.2,2017,SALUD Y ÁMBITO LABORAL,2366577931
A.1.1.2.2.2.3,A.1.1.2.2.2,2017,ESAP,5364634006
A.14.5.3,A.14.5,2016,CONTRATACIÓN DEL SERVICIO,60708067.219
A.14.4.4.2,A.14.4.4,2016,ADQUISICIÓN DE INSUMOS SUMINISTROS Y DOTACIÓN,988879.383
A.2.2.20.1,A.2.2.20,2016,GESTIÓN DEL RIESGO EN ENFERMEDADES INMUNOPREVENIBLES - PAI,11513980.601
A.1.1.2.5.2.1,A.1.1.2.5.2,2016,SENA,284707.620
A.1.3,A.1,2017,CALIDAD - GRATUIDAD,56976375418
A.17.1,A.17,2017,PROCESOS INTEGRALES DE EVALUACIÓN INSTITUCIONAL Y REORGANIZACIÓN ADMINISTRATIVA,443990228243
A.14.1.5,A.14.1,2017,PROGRAMA DE ATENCION INTEGRAL A LA PRIMERA INFANCIA,186087593502
A.1.2.2,A.1.2,2017,CONSTRUCCIÓN AMPLIACIÓN Y ADECUACIÓN DE INFRAESTRUCTURA EDUCATIVA,135108374979
A.1.1.2.2.2.5,A.1.1.2.2.2,2017,INSTITUTOS TÉCNICOS,10702946913
A.1.1.1.1.2,A.1.1.1.1,2017,PERSONAL DOCENTE - SIN SITUACIÓN DE FONDOS SSF,77487896714
A.14.18.4.1,A.14.18.4,2017,TALENTO HUMANO QUE DESARROLLA FUNCIONES DE CARÁCTER OPERATIVO,17931447339
A.14.2.3,A.14.2,2017,CONTRATACIÓN DEL SERVICIO,31643655350
A.2.1,A.2,2017,RÉGIMEN SUBSIDIADO,1063940893190
A.7.7,A.7,2016,PROYECTOS DE TITULACIÓN Y LEGALIZACIÓN DE PREDIOS,2512956.057
A.12.11,A.12,2016,DOTACIÓN DE MAQUINAS Y EQUIPOS PARA LOS CUERPOS DE BOMBEROS OFICIALES,5029690.464
A.1.7,A.1,2017,OTROS GASTOS EN EDUCACIÓN NO INCLUIDOS EN LOS CONCEPTOS ANTERIORES,131830609131
A.13.5,A.13,2017,PROMOCIÓN DEL DESARROLLO TURÍSTICO,6919741309
A.2.2.20.2.3,A.2.2.20.2,2017,OTRAS ENFERMEDADES EMERGENTES RE-EMERGENTES Y DESATENDIDAS,7823597224
A.2.2.16,A.2.2,2016,VIDA SALUDABLE Y CONDICIONES NO TRANSMISIBLES,50284392.41
A.1.1.1.1,A.1.1.1,2017,PERSONAL DOCENTE,1281855984972
A.2.3.1.2.4,A.2.3.1.2,2017,ALTO NIVEL DE COMPLEJIDAD,3189610898
A.9,A,2017,TRANSPORTE,322523246737
A.11.7,A.11,2016,EDUCACIÓN PARA LA REHABILITACIÓN SOCIAL,107415
A.1.7.2,A.1.7,2016,APLICACIÓN DE PROYECTOS EDUCATIVOS TRANSVERSALES,82505082.802
A.14.5.4.1,A.14.5.4,2017,TALENTO HUMANO QUE DESARROLLA FUNCIONES DE CARÁCTER OPERATIVO,28535387389
A.12.5.2,A.12.5,2017,INVERSIÓN DESTINADA AL DESARROLLO DE ESTUDIOS DE EVALUACIÓN Y ZONIFICACIÓN DE AMENAZAS PARA FINES DE PLANIFICACIÓN,1116998538
A.14.18.4,A.14.18,2017,PRESTACIÓN DIRECTA DEL SERVICIO,28689756408
A.15.2,A.15,2017,CONSTRUCCIÓN DE DEPENDENCIAS DE LA ADMINISTRACIÓN,755760331
A.2.2.16.2,A.2.2.16,2017,GESTIÓN DEL RIESGO CONDICIONES CRÓNICAS PREVALENTES,7975804938
A.14.2.4.2,A.14.2.4,2016,ADQUISICIÓN DE INSUMOS SUMINISTROS Y DOTACIÓN,3081110.615
A.12.5,A.12,2017,MONITOREO EVALUACIÓN Y ZONIFICACIÓN DE RIESGO PARA FINES DE PLANIFICACIÓN,1116998538
A.2.3.2.1,A.2.3.2,2016,SERVICIOS CONTRATADOS CON EMPRESAS SOCIALES DEL ESTADO,86540147.422
A.1.1.1.2.1,A.1.1.1.2,2017,PERSONAL DIRECTIVO DOCENTE - CON SITUACIÓN DE FONDOS CSF,109303837000
A.1.1.8,A.1.1,2017,CANCELACIONES DE PRESTASIONES SOCIALES DEL MAGISTERIO CPSM,50438843241
A.1.1.2.4.2.4,A.1.1.2.4.2,2017,CAJAS DE COMPENSACIÓN FAMILIAR,3453009000
A.14.5.3,A.14.5,2017,CONTRATACIÓN DEL SERVICIO,72046752656
A.3,A,2016,AGUA POTABLE Y SANEAMIENTO BÁSICO  SIN INCLUIR PROYECTOS DE VIS,265768882.479
A.14.4.4.1,A.14.4.4,2017,TALENTO HUMANO QUE DESARROLLA FUNCIONES DE CARÁCTER OPERATIVO,12914032014
A.14.4.3,A.14.4,2017,CONTRATACIÓN DEL SERVICIO,128759962456
A.1.2.1.1,A.1.2.1,2016,ESTUDIOS Y DISEÑOS,0
A.3.12.5,A.3.12,2016,ASEO-INTERVENTORÍA,1757881.914
A.1.1.1.2.2,A.1.1.1.2,2016,PERSONAL DIRECTIVO DOCENTE - SIN SITUACIÓN DE FONDOS SSF,9708507.861
A.1.2.6.3,A.1.2.6,2017,TELÉFONO,2403647167
A.2.3.2.2,A.2.3.2,2016,ATENCIÓN DE URGENCIAS SIN CONTRATO CON EMPRESAS SOCIALES DEL ESTADO,3753105.585
A.9.4,A.9,2017,MANTENIMIENTO RUTINARIO DE VÍAS,23524260984
A.1.1.2.4.2.2,A.1.1.2.4.2,2016,ICBF,4463775.06
A.2.2.23.2,A.2.2.23,2017,VIGILANCIA Y CONTROL EN SALUD PUBLICA,1121122325
A.10,A,2016,AMBIENTAL,148054643.129
A.1.1.2.3.2,A.1.1.2.3,2017,APORTES PARA CESANTÍAS,9373223410
A.1.1.2.1.1,A.1.1.2.1,2016,APORTES DE PREVISIÓN SOCIAL,71983999.981
A.9.15,A.9,2017,SISTEMAS DE TRANSPORTE MASIVO,187016789832
A.10.6,A.10,2016,EDUCACIÓN AMBIENTAL NO FORMAL,119940.063
A.3.12,A.3,2016,SERVICIO DE ASEO,20202966.45
A.14.3.4.2,A.14.3.4,2016,ADQUISICIÓN DE INSUMOS SUMINISTROS Y DOTACIÓN,1917758.614
A.6.2.1,A.6.2,2016,EXPANSIÓN DEL SERVICIO DE ALUMBRADO PÚBLICO,170906.659
A.3.12.4,A.3.12,2016,ASEO- PREINVERSIÓN Y ESTUDIOS,312121.934
A.1.2.6.2,A.1.2.6,2017,ENERGÍA,12691347759
A.15,A,2017,EQUIPAMIENTO ,119351240673
A.2.2.23,A.2.2,2016,GESTIÓN EN SALUD PUBLICA,38108642.179
A.1.1.2.4.1.1,A.1.1.2.4.1,2016,APORTES PARA SALUD,10064228
A.18.4.2,A.18.4,2016,RECONSTRUCCIÓN DE CUARTELES Y DE OTRAS INSTALACIONES,4525257.860
A.1.4,A.1,2016,EFICIENCIA EN LA ADMINISTRACIÓN DEL SERVICIO EDUCATIVO,108975423.308
A.7.5,A.7,2017,PLANES Y PROYECTOS PARA LA ADQUISICIÓN Y/O CONSTRUCCIÓN DE VIVIENDA,77295446500
A.14.2.4.1,A.14.2.4,2017,TALENTO HUMANO QUE DESARROLLA FUNCIONES DE CARÁCTER OPERATIVO,2262259568
A.17.2,A.17,2017,PROGRAMAS DE CAPACITACIÓN Y ASISTENCIA TÉCNICA ORIENTADOS AL DESARROLLO EFICIENTE DE LAS COMPETENCIAS DE LEY,93016027768
A.1.1.10.1,A.1.1.10,2016,CONTRATOS PARA LA PRESTACIÓN DEL SERVICIO EDUCATIVO,123014357.751
A.1.1.2.2.1,A.1.1.2.2,2016,APORTES DE PREVISIÓN SOCIAL ,30056589.986
A.2.4.13,A.2.4,2017,PROMOCIÓN SOCIAL,1791195045
A.10.2,A.10,2016,DISPOSICIÓN ELIMINACIÓN Y RECICLAJE DE RESIDUOS LÍQUIDOS Y SÓLIDOS ,53051.845
A.1.1.2.2.2.3,A.1.1.2.2.2,2016,ESAP,4954478.209
A.12.4,A.12,2017,ASENTAMIENTOS ESTABLECIDOS EN ZONAS DE ALTO RIESGO,5716309933
A.3.12.7,A.3.12,2017,ASEO- SUBSIDIOS,0
A.12.4.2,A.12.4,2017,REUBICACIÓN DE ASENTAMIENTOS HUMANOS CLASIFICADOS EN CONDICIÓN DE ALTO RIESGO DE DESASTRE,5508054551
A.2.3,A.2,2017,PRESTACION DE SERVICIOS A LA POBLACION POBRE EN LO NO CUBIERTO CON SUBSIDIOS A LA DEMANDA,184229884366
A.6.2,A.6,2016,MANTENIMIENTO Y EXPANSIÓN DEL SERVICIO DE ALUMBRADO PÚBLICO ,170906.659
A.2.2.18.2,A.2.2.18,2016,GESTIÓN DEL RIESGO CONSUMO Y APROVECHAMIENTO BIOLÓGICO DE LOS ALIMENTOS CALIDAD E INOCUIDAD DE LOS ALIMENTOS,1549734.461
A.2.4.8,A.2.4,2017,INVERSIÓNES DIRECTAS EN LA RED PUBLICA SEGÚN PLAN BIENAL EN EQUIPOS Y DOTACIÓN,166276096
A.1.2.7,A.1.2,2016,TRANSPORTE ESCOLAR,96474178.564
A.1.1.2.2.2.4,A.1.1.2.2.2,2017,CAJAS DE COMPENSACIÓN FAMILIAR,42743449852
A.1.4.2,A.1.4,2016,DISEÑO E IMPLEMENTACIÓN DEL SISTEMA DE INFORMACIÓN,363246.506
A.5.1,A.5,2016,FOMENTO APOYO Y DIFUSIÓN DE EVENTOS Y EXPRESIONES ARTÍSTICAS Y CULTURALES,126314812.300
A.13,A,2016,PROMOCIÓN DEL DESARROLLO,775124075.224
A.1.1.1.2,A.1.1.1,2016,PERSONAL DIRECTIVO - DOCENTE,126340424.438
A.5.6.1,A.5.6,2016,DOTACIÓN DE BIBLIOTECAS,16717.2
A.14.3.3,A.14.3,2017,CONTRATACIÓN DEL SERVICIO,20285371627
A.10.19.4,A.10.19,2017,MITIGACION AL CAMBIO CLIMÁTICO,36004735000
A.7.8,A.7,2017,PREINVERSIÓN EN INFRAESTRUCTURA,2497080784
A.3.10.4,A.3.10,2016,ACUEDUCTO- TRATAMIENTO,0
A.2.2.20,A.2.2,2017,VIDA SALUDABLE Y ENFERMEDADES TRANSMISIBLES,13993068142
A.12.8,A.12,2017,PREVENCIÓN PROTECCIÓN Y CONTINGENCIA EN OBRAS DE INFRAESTRUCTURA ESTRATÉGICA,15093659417
A.2.3.1,A.2.3,2017,PRESTACION DE SERVICIOS DE SALUD PARA LA POBLACIÓN POBRE NO ASEGURADA,53413597794
A.1.1.2.5.1.4,A.1.1.2.5.1,2017,APORTES PARA CESANTÍAS,4731977144
A.2.1.1,A.2.1,2017,AFILIACIÓN AL RÉGIMEN SUBSIDIADO,1059770036102
A.1.1.2.1.2,A.1.1.2.1,2017,APORTES PARA CESANTÍAS,92981309123
A.1.1.2.5,A.1.1.2,2016,PERSONAL ADMINISTRATIVO DE INSTITUCIONES EDUCATIVAS,21067779.325
A.1.1.2.4.2,A.1.1.2.4,2016,APORTES PARAFISCALES ,13391325.18
A.5,A,2017,CULTURA,217253073672
A.5.5.1,A.5.5,2017,CONSTRUCCIÓN Y ADECUACIÓN DE LA INFRAESTRUCTURA ARTÍSTICA Y CULTURAL,5583950496
A.3.10,A.3,2017,SERVICIO DE ACUEDUCTO,175483177780
A.1.1.2.2.2.2,A.1.1.2.2.2,2016,ICBF,29726872.235
A.18.4,A.18,2017,FONDO DE SEGURIDAD DE LAS ENTIDADES TERRITORIALES - FONSET LEY 1421 DE 2010,132948501490
A.6.3,A.6,2017,PAGO DE CONVENIOS O CONTRATOS DE SUMINISTRO DE ENERGÍA ELÉCTRICA PARA EL SERVICIO DE ALUMBRADO PÚBLICO O PARA EL MANTENIMIENTO Y EXPANSIÓN DEL SERVICIO DE ALUMBRADO PÚBLICO,3676571635
A.2.2.19.2,A.2.2.19,2017,GESTIÓN DEL RIESGO PREVENCIÓN Y ATENCIÓN INTEGRAL EN SSR DESDE UN ENFOQUE DE DERECHOS,14447825754
A.1.1.2.4.2.5,A.1.1.2.4.2,2017,INSTITUTOS TÉCNICOS,863525000
A.1.1.14,A.1.1,2016,COSTOS DERIVADOS DEL MEJORAMIENTO DE LA CALIDAD EDUCATIVA,3408725.53
A.2.4.1,A.2.4,2016,INVESTIGACIÓN EN SALUD,54350075.663
A.1.1.2.2.1.1,A.1.1.2.2.1,2016,APORTES PARA SALUD,8621249.401
A.2.2.21,A.2.2,2016,SALUD Y ÁMBITO LABORAL,1760227.188
A.14.5,A.14,2016,ATENCIÓN Y APOYO A MADRES/PADRES CABEZA DE HOGAR  ,86300486.506
A.13.4,A.13,2016,ASISTENCIA TÉCNICA EN PROCESOS DE PRODUCCIÓN DISTRIBUCIÓN Y COMERCIALIZACIÓN Y ACCESO A FUENTES DE FINANCIACIÓN,18266717.406
A.11.4,A.11,2016,DOTACIÓN DE CENTROS CARCELARIOS,2687714.798
A.14.18.3,A.14.18,2017,CONTRATACIÓN DEL SERVICIO,15334580890
A.14.20.2,A.14.20,2017,PROYECTOS PARA ATENDER A LA POBLACIÓN DESPLAZADA,14198341749
A.17.8,A.17,2016,ACTUALIZACIÓN CATASTRAL,5183.448
A.5.7,A.5,2017,DOTACIÓN DE LA INFRAESTRUCTURA ARTÍSTICA Y CULTURAL  ,13031745100
A.14.4,A.14,2016,ATENCIÓN Y APOYO AL ADULTO MAYOR,135085435.083
A.14.2,A.14,2017,PROTECCIÓN INTEGRAL DE LA NIÑEZ,36249084469
A.6.1,A.6,2016,SUBSIDIOS PARA USUARIOS DE MENORES INGRESOS - FONDO DE SOLIDARIDAD Y REDISTRIBUCIÓN DEL INGRESO,687000000
A.3.10.1,A.3.10,2017,ACUEDUCTO-CAPTACIÓN,72365065000
A.17,A,2017,FORTALECIMIENTO INSTITUCIONAL,551867917238
A.14.3.4.1,A.14.3.4,2017,TALENTO HUMANO QUE DESARROLLA FUNCIONES DE CARÁCTER OPERATIVO,13444035309
A.16.12,A.16,2017,FORTALECIMIENTO DE PROCESOS ASOCIATIVOS  PARA ORGANIZACIONES COMUNITARIAS Y SOCIALES,26799856240
A.16.12.1,A.16.12,2017,CONTROL SOCIAL,25574667906
A.2.2.15,A.2.2,2016,SALUD AMBIENTAL,27993148.701
A.1.1.2.4.2.3,A.1.1.2.4.2,2016,ESAP,743962.51
A.2.2.22,A.2.2,2016,GESTIÓN DIFERENCIAL DE POBLACIONES VULNERABLES,2264710.132
A.1.4.3,A.1.4,2016,CONECTIVIDAD,40782091.308
A.9.10,A.9,2017,ESTUDIOS Y PREINVERSIÓN EN INFRAESTRUCTURA,657565349
A.3.12.1,A.3.12,2016,ASEO- PROYECTO DE TRATAMIENTO Y APROVECHAMIENTO DE RESIDUOS SOLIDOS,9436294.307
A.12,A,2017,PREVENCIÓN Y ATENCIÓN DE DESASTRES,43230064627
A.2.3.1.4.4,A.2.3.1.4,2017,ALTO NIVEL DE COMPLEJIDAD,3811299185
A.10.3,A.10,2017,CONTROL A LAS EMISIONES CONTAMINANTES DEL AIRE,10450651660
A.2.2.18,A.2.2,2017,SEGURIDAD ALIMENTARIA Y NUTRICIONAL,5194559845
A.14.18,A.14,2016,PROTECCIÓN INTEGRAL A LA JUVENTUD,56464177.419
A.12.6.1,A.12.6,2017,AYUDA HUMANITARIA EN SITUACIONES DECLARADAS DE DESASTRES,552000000
A.15.9,A.15,2016,CONSTRUCCIÓN DE ZONAS VERDES PARQUES PLAZAS Y PLAZOLETAS,19756775.261
A.3.12.6,A.3.12,2016,ASEO-FORTALECIMIENTO INSTITUCIONAL,8696668.295
A.6,A,2016,SERVICIOS PÚBLICOS DIFERENTES A ACUEDUCTO ALCANTARILLADO Y ASEO SIN INCLUIR PROYECTOS DE VIVIENDA DE INTERÉS SOCIAL,689507693.242
A.2.1.4,A.2.1,2017,0.4% INSPECCIÓN VIGILANCIA Y CONTROL -SUPERINTENDENCIA DE SALUD,4170857088
A.2.3.1.2,A.2.3.1,2017,ATENCIÓN DE URGENCIAS SIN CONTRATO EN EMPRESAS SOCIALES DEL ESTADO,3189610898
A.1.7.4,A.1.7,2017,PAGO DE DÉFICIT DE INVERSIÓN EN EDUCACIÓN - DE CARÁCTER EXCEPCIONAL,56515734
A.17.6,A.17,2016,ACTUALIZACIÓN DEL SISBEN,1533379.287
A.15.3,A.15,2017,MEJORAMIENTO Y MANTENIMIENTO DE DEPENDENCIAS DE LA ADMINISTRACIÓN,15742544530
A.2.1.3,A.2.1,2017,0.4% INTERVENTORIA DEL RÉGIMEN SUBSIDIADO,0
A.2.2.21.1,A.2.2.21,2016,PROMOCIÓN DE LA SALUD SEGURIDAD Y SALUD EN EL TRABAJO,1760227.188
A.18,A,2016,JUSTICIA Y SEGURIDAD,102585514.402
A.5.5,A.5,2017,CONSTRUCCIÓN MANTENIMIENTO Y ADECUACIÓN DE LA INFRAESTRUCTURA ARTÍSTICA Y CULTURAL,7677312204
A.14.5.4.2,A.14.5.4,2016,ADQUISICIÓN DE INSUMOS SUMINISTROS Y DOTACIÓN,2889729.094
A.1.1.2.5.1.2,A.1.1.2.5.1,2016,APORTES PARA PENSIÓN,5811572.291
A.1.3.8,A.1.3,2017,TRANSFERENCIAS PARA CALIDAD GRATUIDAD,56976375418
A.2.2.23.1,A.2.2.23,2017,PLANEACIÓN INTEGRAL EN SALUD,27454412807
A.1.1.2.4.1,A.1.1.2.4,2016,APORTES DE PREVISIÓN SOCIAL ,10064228
A.2.2.18.1,A.2.2.18,2016,PROMOCIÓN DE LA SALUD DISPONIBILIDAD Y ACCESO A LOS ALIMENTOS CONSUMO Y APROVECHAMIENTO BIOLÓGICO DE LOS ALIMENTOS.,1099211.16
A.1.5,A.1,2016,NECESIDADES EDUCATIVAS ESPECIALES,6617818.069
A.9.11,A.9,2017,COMPRA DE MAQUINARIA Y EQUIPO,1499984142
A.4.5,A.4,2017,PAGO DE INSTRUCTORES CONTRATADOS PARA LA PRÁCTICA DEL DEPORTE Y LA RECREACIÓN,18572516170
A.1.1.2.2.2,A.1.1.2.2,2016,APORTES PARAFISCALES ,89180615.697
A.14.20.1.2,A.14.20.1,2016,ASISTENCIA Y ATENCIÓN INTEGRAL,764162.424
A.2.4.7,A.2.4,2017,PAGO DE OTRAS DEUDAS QUE NO CORRESPONDEN A CARTERA HOSPITALARIA O INFRAESTRUCTURA,166070542
A.9.2,A.9,2016,MEJORAMIENTO DE VÍAS,1131274.004
A.13.6,A.13,2017,CONSTRUCCIÓN MEJORAMIENTO Y MANTENIMIENTO DE INFRAESTRUCTURA FÍSICA,1885317196164
A.1.1.1.3,A.1.1.1,2016,PERSONAL ADMINISTRATIVO DE INSTITUCIONES EDUCATIVAS,63979206.761
A.1.2.6.5,A.1.2.6,2016,OTROS,60244409.054
A.1.1.2.5.2.2,A.1.1.2.5.2,2017,ICBF,1634149410
A.14.20.1,A.14.20,2017,VICTIMAS NO INCLUYE PROYECTOS PARA DESPLAZADOS,14504341330
A.6.1,A.6,2017,SUBSIDIOS PARA USUARIOS DE MENORES INGRESOS - FONDO DE SOLIDARIDAD Y REDISTRIBUCIÓN DEL INGRESO,783227000000
A.2.2.15,A.2.2,2017,SALUD AMBIENTAL,29574874286
A.1.1.2.2.2,A.1.1.2.2,2017,APORTES PARAFISCALES ,96236681816
A.1.1.8,A.1.1,2016,CANCELACIONES DE PRESTASIONES SOCIALES DEL MAGISTERIO CPSM,48837471.051
A.3,A,2017,AGUA POTABLE Y SANEAMIENTO BÁSICO  SIN INCLUIR PROYECTOS DE VIS,364872413100
A.6.3,A.6,2016,PAGO DE CONVENIOS O CONTRATOS DE SUMINISTRO DE ENERGÍA ELÉCTRICA PARA EL SERVICIO DE ALUMBRADO PÚBLICO O PARA EL MANTENIMIENTO Y EXPANSIÓN DEL SERVICIO DE ALUMBRADO PÚBLICO,2336786.583
A.10.8,A.10,2016,CONSERVACIÓN PROTECCIÓN RESTAURACIÓN Y APROVECHAMIENTO DE RECURSOS NATURALES Y DEL MEDIO AMBIENTE,33732165.641
A.1.1.2.3.2,A.1.1.2.3,2016,APORTES PARA CESANTÍAS,11510744
A.3.11.3,A.3.11,2016,ALCANTARILLADO- TRATAMIENTO,91917673
A.1.5,A.1,2017,NECESIDADES EDUCATIVAS ESPECIALES,13168143295
A.2.2.21.1,A.2.2.21,2017,PROMOCIÓN DE LA SALUD SEGURIDAD Y SALUD EN EL TRABAJO,2366577931
A.13.3,A.13,2016,FOMENTO Y APOYO A LA APROPIACIÓN DE TECNOLOGÍA EN PROCESOS EMPRESARIALES,167939.727
A.9.1,A.9,2016,CONSTRUCCIÓN DE VÍAS ,44303208.217
A.2.3.1.3,A.2.3.1,2017,SERVICIOS CONTRATADOS CON INSTITUCIONES PRESTADORAS DE SERVICIOS DE SALUD  PRIVADAS O MIXTAS,639000000
A.12.1,A.12,2016,ELABORACIÓN DESARROLLO Y ACTUALIZACIÓN DE PLANES DE EMERGENCIA Y CONTINGENCIA,1702087.486
A.1.2.6.3,A.1.2.6,2016,TELÉFONO,2740850.576
A.2.2.22.3,A.2.2.22,2016,VICTIMAS DEL CONFLICTO ARMADO,2215757.102
A.12.4,A.12,2016,ASENTAMIENTOS ESTABLECIDOS EN ZONAS DE ALTO RIESGO,6826255.313
A.1.1.2.2.2.1,A.1.1.2.2.2,2017,SENA,5364634006
A.13.5,A.13,2016,PROMOCIÓN DEL DESARROLLO TURÍSTICO,3828894.704
A.14.3.4,A.14.3,2016,PRESTACIÓN DIRECTA DEL SERVICIO,13520230.312
A.2.2.23.2.1,A.2.2.23.2,2017,GASTOS DE INVERSIÓN DEL LABORATORIO DE SALUD PÚBLICA,1121122325
A.10,A,2017,AMBIENTAL,89980385092
A.12.3,A.12,2016,ADECUACIÓN DE ÁREAS URBANAS Y RURALES EN ZONAS DE ALTO RIESGO,1031679.918
A.1.2.6,A.1.2,2017,PAGO DE SERVICIOS PÚBLICOS DE LAS INSTITUCIONES EDUCATIVAS,106605281228
A.2.3.1.1.4,A.2.3.1.1,2016,ALTO NIVEL DE COMPLEJIDAD,6564226.444
A.5.5.1,A.5.5,2016,CONSTRUCCIÓN Y ADECUACIÓN DE LA INFRAESTRUCTURA ARTÍSTICA Y CULTURAL,6090279.93
A.1.2.1,A.1.2,2016,PREINVERSIÓN: ESTUDIOS DISEÑOS CONSULTORIAS ASESORIAS E INTERVENTORIAS,434772.298
A.2.3.1.3.4,A.2.3.1.3,2016,ALTO NIVEL DE COMPLEJIDAD,16608587.274
A.4.3,A.4,2017,DOTACIÓN DE ESCENARIOS DEPORTIVOS E IMPLEMENTOS PARA LA PRACTICA DEL DEPORTE,15968972139
A.9.16,A.9,2016,PLANES DE TRÁNSITO EDUCACIÓN DOTACIÓN DE EQUIPOS Y SEGURIDAD VIAL,65033691.699
A.14.20.2,A.14.20,2016,PROYECTOS PARA ATENDER A LA POBLACIÓN DESPLAZADA,10786679.891
A.2.3.2.3,A.2.3.2,2016,SERVICIOS CONTRATADOS CON INSTITUCIONES PRESTADORAS DE SERVICIOS DE SALUD  PRIVADAS,9771249.519
A.14,A,2017,ATENCIÓN A GRUPOS VULNERABLES - PROMOCIÓN SOCIAL,576128059495
A.12.16,A.12,2016,ADQUISICIÓN DE BIENES E INSUMOS PARA LA ATENCIÓN DE LA POBLACIÓN AFECTADA POR DESASTRES    ,352536.062
A.1.5.1,A.1.5,2016,SERVICIO PERSONAL APOYO,6617818.069
A.2.1,A.2,2016,RÉGIMEN SUBSIDIADO,1011363720.627
A.10.2,A.10,2017,DISPOSICIÓN ELIMINACIÓN Y RECICLAJE DE RESIDUOS LÍQUIDOS Y SÓLIDOS ,20002386
A.1.2.10,A.1.2,2017,ALIMENTACIÓN ESCOLAR,299044613843
A.1.1.2.5.1,A.1.1.2.5,2017,APORTES DE PREVISIÓN SOCIAL ,15170606245
A.1.1.2.4.2.1,A.1.1.2.4.2,2017,SENA,431626000
A.14.5.4,A.14.5,2016,PRESTACIÓN DIRECTA DEL SERVICIO,25592419.287
A.2.2.23.1,A.2.2.23,2016,PLANEACIÓN INTEGRAL EN SALUD,10614078.799
A.1.7,A.1,2016,OTROS GASTOS EN EDUCACIÓN NO INCLUIDOS EN LOS CONCEPTOS ANTERIORES,121433766.89
A.18.4.7,A.18.4,2016,DESARROLLO DEL PLAN INTEGRAL DE SEGURIDAD Y CONVIVENCIA CIUDADANA,13160745.886
A.10.4,A.10,2017,MANEJO Y APROVECHAMIENTO DE CUENCAS Y MICROCUENCAS HIDROGRÁFICAS,429053783
A.7.3,A.7,2016,PLANES Y PROYECTOS DE MEJORAMIENTO DE VIVIENDA Y SANEAMIENTO BÁSICO,10462598.365
A.18.8,A.18,2017,PLAN DE ACCIÓN DE DERECHOS HUMANOS Y DIH,25594122383
A.15.5,A.15,2016,MEJORAMIENTO Y MANTENIMIENTO DE PLAZAS DE MERCADO MATADEROS CEMENTERIOS Y MOBILIARIOS DEL ESPACIO PÚBLICO,509434.102
A.1.1.2.1.1,A.1.1.2.1,2017,APORTES DE PREVISIÓN SOCIAL,81624831073
A.11.4,A.11,2017,DOTACIÓN DE CENTROS CARCELARIOS,2123141475
A.14.2.4,A.14.2,2016,PRESTACIÓN DIRECTA DEL SERVICIO,13940470.977
A.11.3,A.11,2017,MEJORAMIENTO Y MANTENIMIENTO DE INFRAESTRUCTURA CARCELARIA,53927383
A.1.1.10.1,A.1.1.10,2017,CONTRATOS PARA LA PRESTACIÓN DEL SERVICIO EDUCATIVO,29118532597
A.3.12.1,A.3.12,2017,ASEO- PROYECTO DE TRATAMIENTO Y APROVECHAMIENTO DE RESIDUOS SOLIDOS,2347739435
A.12.6.1,A.12.6,2016,AYUDA HUMANITARIA EN SITUACIONES DECLARADAS DE DESASTRES,8287.835
A.5.5,A.5,2016,CONSTRUCCIÓN MANTENIMIENTO Y ADECUACIÓN DE LA INFRAESTRUCTURA ARTÍSTICA Y CULTURAL,6341114.149
A.9.17,A.9,2016,INFRAESTRUCTURA PARA TRANSPORTE NO MOTORIZADO REDES PEATONALES Y CICLORUTAS,2650724.029
A.17.2,A.17,2016,PROGRAMAS DE CAPACITACIÓN Y ASISTENCIA TÉCNICA ORIENTADOS AL DESARROLLO EFICIENTE DE LAS COMPETENCIAS DE LEY,69565584.26
A.17.8,A.17,2017,ACTUALIZACIÓN CATASTRAL,1399351891
A.1.1.2.4.2,A.1.1.2.4,2017,APORTES PARAFISCALES ,7769542000
A.2.2.22.1,A.2.2.22,2016,DESARROLLO INTEGRAL DE LAS NIÑAS NIÑOS,48953.030
A.2,A,2016,SALUD,1628008668.133
A.1.1.1.1.2,A.1.1.1.1,2016,PERSONAL DOCENTE - SIN SITUACIÓN DE FONDOS SSF,67478466.233
A.12.7,A.12,2017,FORTALECIMIENTO DE LOS COMITÉS DE PREVENCIÓN Y ATENCIÓN DE DESASTRES,463099426
A.12.18,A.12,2016,PLAN PARA LA GESTIÓN DEL RIESGO DE DESASTRES,0
A.5.1,A.5,2017,FOMENTO APOYO Y DIFUSIÓN DE EVENTOS Y EXPRESIONES ARTÍSTICAS Y CULTURALES,151781481393
A.1.1.2.4.2.4,A.1.1.2.4.2,2016,CAJAS DE COMPENSACIÓN FAMILIAR,5951700.08
A.1.1.2.5.1.4,A.1.1.2.5.1,2016,APORTES PARA CESANTÍAS,5780345.266
A.1.2.6.5,A.1.2.6,2017,OTROS,74009680521
A.1.1.2.2.2.4,A.1.1.2.2.2,2016,CAJAS DE COMPENSACIÓN FAMILIAR,39635829.527
A.14.4.4,A.14.4,2016,PRESTACIÓN DIRECTA DEL SERVICIO,12401382.849
A.1.1.2,A.1.1,2016,APORTES PATRONALES ,330067262.169
A.2.1.1,A.2.1,2016,AFILIACIÓN AL RÉGIMEN SUBSIDIADO,1007272327.459
A.1.1.2.4,A.1.1.2,2017,PERSONAL DIRECTIVO - DOCENTE CON SITUACIÓN DE FONDOS,15276504137
A.3.11,A.3,2017,SERVICIO DE ALCANTARILLADO,162765432807
A.10.19.4,A.10.19,2016,MITIGACION AL CAMBIO CLIMÁTICO,103723349
A.9.10,A.9,2016,ESTUDIOS Y PREINVERSIÓN EN INFRAESTRUCTURA,159874.214
A.2.3.1.3.3,A.2.3.1.3,2017,MEDIO NIVEL DE COMPLEJIDAD,639000000
A.14.3.4.2,A.14.3.4,2017,ADQUISICIÓN DE INSUMOS SUMINISTROS Y DOTACIÓN,2916839088
A.14.20.2.2,A.14.20.2,2017,ASISTENCIA Y ATENCIÓN INTEGRAL,14198341749
A.2.2,A.2,2017,SALUD PÚBLICA   ,125794188201
A.1.1.2.5.1.1,A.1.1.2.5.1,2017,APORTES PARA SALUD,4231849970
A.12.11,A.12,2017,DOTACIÓN DE MAQUINAS Y EQUIPOS PARA LOS CUERPOS DE BOMBEROS OFICIALES,4139698267
A.15.4,A.15,2016,CONSTRUCCIÓN DE PLAZAS DE MERCADO MATADEROS CEMENTERIOS Y MOBILIARIOS DEL ESPACIO PÚBLICO,130519.825
A.13.4,A.13,2017,ASISTENCIA TÉCNICA EN PROCESOS DE PRODUCCIÓN DISTRIBUCIÓN Y COMERCIALIZACIÓN Y ACCESO A FUENTES DE FINANCIACIÓN,24477371446
A.5.9,A.5,2016,PAGO DE INSTRUCTORES Y BIBLIOTECÓLOGOS CONTRATADOS PARA LA EJECUCIÓN DE PROGRAMAS Y PROYECTOS ARTÍSTICOS Y CULTURALES,198650.233
A.1.2.8,A.1.2,2016,CAPACITACIÓN A DOCENTES Y DIRECTIVOS DOCENTES,4370928.226
A.16,A,2017,DESARROLLO COMUNITARIO,26799856240
A.1.1.1.3,A.1.1.1,2017,PERSONAL ADMINISTRATIVO DE INSTITUCIONES EDUCATIVAS,70839598334
A.12.5.2,A.12.5,2016,INVERSIÓN DESTINADA AL DESARROLLO DE ESTUDIOS DE EVALUACIÓN Y ZONIFICACIÓN DE AMENAZAS PARA FINES DE PLANIFICACIÓN,499975.908
A.1.1.2.2,A.1.1.2,2017,PERSONAL DOCENTE CON SITUACIÓN DE FONDOS,129400891076
A.1.1.2.5,A.1.1.2,2017,PERSONAL ADMINISTRATIVO DE INSTITUCIONES EDUCATIVAS,20075092575
A.12,A,2016,PREVENCIÓN Y ATENCIÓN DE DESASTRES,22728425.969
A.9,A,2016,TRANSPORTE,604853173.994
A.1.1.2.1.2,A.1.1.2.1,2016,APORTES PARA CESANTÍAS,82811980
A.1.1.10.2,A.1.1.10,2017,CONTRATOS PARA LA ADMINISTRACION DEL SERVICIO EDUCATIVO,80029912569
A.17.7,A.17,2017,ESTRATIFICACIÓN SOCIOECONÓMICA,803002999
A.1.1.2.5.2.3,A.1.1.2.5.2,2017,ESAP,273293235
A.1.1.1.1.1,A.1.1.1.1,2017,PERSONAL DOCENTE - CON SITUACIÓN DE FONDOS CSF,1204368088258
A.2.4.14,A.2.4,2017,OTROS GASTOS DE SALUD EN EMERGENCIAS Y DESASTRES,1150888050
A.1.2.5,A.1.2,2016,DOTACIÓN INSTITUCIONAL DE MATERIAL Y MEDIOS PEDAGÓGICOS PARA EL APRENDIZAJE,2329083.963
A.14.20,A.14,2016,ATENCIÓN Y APOYO A LAS VICTIMAS,11550842.315
A.1.1.2.2.1.2,A.1.1.2.2.1,2017,APORTES PARA PENSIÓN,13125574326
A.2.2.20.2,A.2.2.20,2017,GESTIÓN DEL RIESGO EN ENFERMEDADES EMERGENTES REEMERGENTES Y DESATENDIDAS.,7823597224
A.2.3.2,A.2.3,2016,PRESTACION DE SERVICIOS DE SALUD A LA POBLACIÓN POBRE AFILIADA AL REGIMEN SUBSIDIADO NO INCLUIDOS EN EL PLAN OBLIGATORIO DE SALUD POS,111209233.187
A.14.4.4.2,A.14.4.4,2017,ADQUISICIÓN DE INSUMOS SUMINISTROS Y DOTACIÓN,239010432
A.2.3.1.1,A.2.3.1,2017,SERVICIOS CONTRATADOS CON EMPRESAS SOCIALES DEL ESTADO,45773687711
A.1.1.1,A.1.1,2016,PAGO DE PERSONAL ,1331219444.854
A.12.2,A.12,2016,PREINVERSIÓN EN INFRAESTRUCTURA,0
A.7.7,A.7,2017,PROYECTOS DE TITULACIÓN Y LEGALIZACIÓN DE PREDIOS,4830537423
A.2.3.1.4,A.2.3.1,2017,ATENCIÓN DE URGENCIAS SIN CONTRATO  CON INSTITUCIONES PRESTADORAS DE SERVICIOS DE SALUD PRIVADAS O MIXTAS,3811299185
A.2.2.15.1,A.2.2.15,2016,PROMOCIÓN DE LA SALUD HABITAT SALUDABLE,27993148.701
A.14.18,A.14,2017,PROTECCIÓN INTEGRAL A LA JUVENTUD,44024337298
A.9.5,A.9,2016,MANTENIMIENTO PERIÓDICO DE VÍAS,62761112.976
A.7.6,A.7,2017,SUBSIDIOS PARA REUBICACIÓN DE VIVIENDAS ASENTADAS EN ZONAS ALTO RIESGO,7897375047
A.1.1.1.2.1,A.1.1.1.2,2016,PERSONAL DIRECTIVO DOCENTE - CON SITUACIÓN DE FONDOS CSF,116631916.577
A.2.3.2.2,A.2.3.2,2017,ATENCIÓN DE URGENCIAS SIN CONTRATO CON EMPRESAS SOCIALES DEL ESTADO,30164253789
A.13.1,A.13,2017,PROMOCIÓN DE ASOCIACIONES Y ALIANZAS PARA EL DESARROLLO EMPRESARIAL E INDUSTRIAL,8826893029
A.14.2.4.2,A.14.2.4,2017,ADQUISICIÓN DE INSUMOS SUMINISTROS Y DOTACIÓN,2343169551
A.2.2.16,A.2.2,2017,VIDA SALUDABLE Y CONDICIONES NO TRANSMISIBLES,7975804938
A.1.2,A.1,2016,CALIDAD - MATRÍCULA,589036729.055
A.14.5.4.2,A.14.5.4,2017,ADQUISICIÓN DE INSUMOS SUMINISTROS Y DOTACIÓN,1922970176
A.2.2.20.2.3,A.2.2.20.2,2016,OTRAS ENFERMEDADES EMERGENTES RE-EMERGENTES Y DESATENDIDAS,2856923.818
A.1.2.10.2,A.1.2.10,2016,CONTRATACIÓN CON TERCEROS PARA LA PROVISIÓN INTEGRAL DEL SERVICIO DE ALIMENTACIÓN ESCOLAR,246741440.043
A.2.4.8,A.2.4,2016,INVERSIÓNES DIRECTAS EN LA RED PUBLICA SEGÚN PLAN BIENAL EN EQUIPOS Y DOTACIÓN,0
A.17.9,A.17,2017,ELABORACIÓN Y ACTUALIZACIÓN DEL PLAN DE DESARROLLO,1087450166
A.12.8,A.12,2016,PREVENCIÓN PROTECCIÓN Y CONTINGENCIA EN OBRAS DE INFRAESTRUCTURA ESTRATÉGICA,1661120.952
A.2.2.19.1,A.2.2.19,2016,PROMOCIÓN DE LA SALUD PROMOCIÓN DE LOS DERECHOS SEXUALES Y REPRODUCTIVOS Y LA EQUIDAD DE GÉNERO,408464.455
A.1.1.2.5.2.5,A.1.1.2.5.2,2016,INSTITUTOS TÉCNICOS,569415.24
A.1.1.1.1,A.1.1.1,2016,PERSONAL DOCENTE,1140899813.655
A.3.11.8,A.3.11,2016,ALCANTARILLADO- SUBSIDIOS,26930000
A.10.3,A.10,2016,CONTROL A LAS EMISIONES CONTAMINANTES DEL AIRE,5587570.389
A.6,A,2017,SERVICIOS PÚBLICOS DIFERENTES A ACUEDUCTO ALCANTARILLADO Y ASEO SIN INCLUIR PROYECTOS DE VIVIENDA DE INTERÉS SOCIAL,786903571635
A.4,A,2017,DEPORTE Y RECREACIÓN,186424488441
A.2.3.1.1.3,A.2.3.1.1,2016,MEDIO NIVEL DE COMPLEJIDAD,21885672.830
A.2.2.17.1,A.2.2.17,2016,PROMOCIÓN DE LA SALUD PROMOCIÓN DE LA SALUD MENTAL Y LA CONVIVENCIA.,9175621.313
A.1.1.2,A.1.1,2017,APORTES PATRONALES ,348731851394
A.14.18.4.2,A.14.18.4,2016,ADQUISICIÓN DE INSUMOS SUMINISTROS Y DOTACIÓN,9204526.594
A.11,A,2017,CENTROS DE RECLUSIÓN,2177068858
A.1.1.10,A.1.1,2017,CONTRATACION DEL SERVICIO EDUCATIVO POR PARTE DE LAS ENTIDADES TERRITORIALES  CERTIFICADAS,109148445166
A.2.2.16.1,A.2.2.16,2016,PROMOCIÓN DE LA SALUD MODOS CONDICIONES Y ESTILOS DE VIDA SALUDABLES,44169787.573
A.13.2,A.13,2016,PROMOCIÓN DE CAPACITACIÓN PARA EMPLEO,442198.062
A.5.6,A.5,2016,MANTENIMIENTO Y DOTACIÓN DE BIBLIOTECAS,16717.2
A.12.7,A.12,2016,FORTALECIMIENTO DE LOS COMITÉS DE PREVENCIÓN Y ATENCIÓN DE DESASTRES,120273.45
A.1.1.1.1.1,A.1.1.1.1,2016,PERSONAL DOCENTE - CON SITUACIÓN DE FONDOS CSF,1073421347.422
A.1.2.6,A.1.2,2016,PAGO DE SERVICIOS PÚBLICOS DE LAS INSTITUCIONES EDUCATIVAS,91126996.604
A.2.3.2.3,A.2.3.2,2017,SERVICIOS CONTRATADOS CON INSTITUCIONES PRESTADORAS DE SERVICIOS DE SALUD  PRIVADAS,10921802868
A.3.11.3,A.3.11,2017,ALCANTARILLADO- TRATAMIENTO,120084524925
A.1.1.2.1,A.1.1.2,2017,PERSONAL DOCENTE SIN SITUACIÓN DE FONDOS,174606140196
A.1.1.2.3,A.1.1.2,2017,PERSONAL DIRECTIVO - DOCENTE SIN SITUACIÓN DE FONDOS,9373223410
A.9.3,A.9,2017,REHABILITACIÓN DE VÍAS,0
A.7.3,A.7,2017,PLANES Y PROYECTOS DE MEJORAMIENTO DE VIVIENDA Y SANEAMIENTO BÁSICO,13329388271
A.5.3,A.5,2016,PROTECCIÓN DEL PATRIMONIO CULTURAL ,5691482.139
A.14.2.1,A.14.2,2016,CONSTRUCCIÓN DE INFRAESTRUCTURA,3271.925
A.2.4.9,A.2.4,2016,INVERSIONES DIRECTAS EN LA RED PUBLICA SEGÚN PLAN BIENAL EN INFRAESTRUCTURA,7082064.273
A.1.1.2.5.1.1,A.1.1.2.5.1,2016,APORTES PARA SALUD,4108895.887
A.5.5.2,A.5.5,2017,MANTENIMIENTO DE LA INFRAESTRUCTURA ARTISTICA Y CULTURAL,2093361708
A.9.16,A.9,2017,PLANES DE TRÁNSITO EDUCACIÓN DOTACIÓN DE EQUIPOS Y SEGURIDAD VIAL,95496276455
A.1.1,A.1,2016,COBERTURA,1938721456.902
A.1.1.2.5.2.2,A.1.1.2.5.2,2016,ICBF,1708245.52
A.10.8.2,A.10.8,2017,CONSERVACIÓN PROTECCIÓN RESTAURACIÓN Y APROVECHAMIENTO SOSTENIBLE DE ECOSISTEMAS DIFERENTES A LOS FORESTALES,43075942263
A.1.7.1,A.1.7,2017,COMPETENCIAS LABORALES GENERALES Y FORMACIÓN PARA EL TRABAJO Y EL DESARROLLO HUMANO ,21206933000
A.2,A,2017,SALUD,1569966037309
A.1.1.2.5.2,A.1.1.2.5,2016,APORTES PARAFISCALES ,5124736.86
A.12.6,A.12,2016,ATENCIÓN DE DESASTRES,8287.835
A.17.10,A.17,2017,ELABORACIÓN Y ACTUALIZACIÓN DEL PLAN DE ORDENAMIENTO TERRITORIAL,9490093249
A.3.11.8,A.3.11,2017,ALCANTARILLADO- SUBSIDIOS,42680907882
A.12.2,A.12,2017,PREINVERSIÓN EN INFRAESTRUCTURA,993056275
A.14.20.1,A.14.20,2016,VICTIMAS NO INCLUYE PROYECTOS PARA DESPLAZADOS,764162.424
A.1.2.1.3,A.1.2.1,2016,INTERVENTORIAS,228357.887
A.2.3.1.3.3,A.2.3.1.3,2016,MEDIO NIVEL DE COMPLEJIDAD,142375.213
A.18.9,A.18,2016,CONSTRUCCIÓN DE PAZ Y CONVIVENCIA FAMILIAR ,0
A.5.9,A.5,2017,PAGO DE INSTRUCTORES Y BIBLIOTECÓLOGOS CONTRATADOS PARA LA EJECUCIÓN DE PROGRAMAS Y PROYECTOS ARTÍSTICOS Y CULTURALES,482097534
A.1.1.2.4,A.1.1.2,2016,PERSONAL DIRECTIVO - DOCENTE CON SITUACIÓN DE FONDOS,23455553.18
A,,2016,TOTAL INVERSIÓN,8511006850.55
A.1.1.2.4.2.1,A.1.1.2.4.2,2016,SENA,743962.51
A.2.3.1.1,A.2.3.1,2016,SERVICIOS CONTRATADOS CON EMPRESAS SOCIALES DEL ESTADO,29069043.808
A.1.2.6.1,A.1.2.6,2016,ACUEDUCTO ALCANTARILLADO Y ASEO,14457582.177
A.16.12.2,A.16.12,2017,CAPACIDADES ORGANIZACIONALES,1225188334
A.10.11,A.10,2016,REFORESTACIÓN Y CONTROL DE EROSIÓN,4838566.191
A.7.6,A.7,2016,SUBSIDIOS PARA REUBICACIÓN DE VIVIENDAS ASENTADAS EN ZONAS ALTO RIESGO,7919577.969
A.2.4.3,A.2.4,2017,REORGANIZACIÓN DE REDES DE PRESTADORES DE SERVICIOS DE SALUD,155267174239
A.18.4.6,A.18.4,2016,GASTOS DESTINADOS A GENERAR AMBIENTES QUE PROPICIEN LA SEGURIDAD CIUDADANA Y LA PRESERVACIÓN DEL ORDEN PÚBLICO.,24924759.109
A.1,A,2016,EDUCACIÓN,2829505330.804
A.13.7,A.13,2017,ADQUISICIÓN DE MAQUINARIA Y EQUIPO,540932685
A.12.1,A.12,2017,ELABORACIÓN DESARROLLO Y ACTUALIZACIÓN DE PLANES DE EMERGENCIA Y CONTINGENCIA,4388941788
A.1.1.2.2,A.1.1.2,2016,PERSONAL DOCENTE CON SITUACIÓN DE FONDOS,119237205.683
A.2.2,A.2,2016,SALUD PÚBLICA   ,156688359.267
A.2.3.1.1.4,A.2.3.1.1,2017,ALTO NIVEL DE COMPLEJIDAD,45773687711
A.16,A,2016,DESARROLLO COMUNITARIO,13590565.587
A.14,A,2016,ATENCIÓN A GRUPOS VULNERABLES - PROMOCIÓN SOCIAL,627801830.139
A.14.20,A.14,2017,ATENCIÓN Y APOYO A LAS VICTIMAS,28702683079
A.4.1,A.4,2016,FOMENTO DESARROLLO Y PRÁCTICA DEL DEPORTE LA RECREACIÓN Y EL APROVECHAMIENTO DEL TIEMPO LIBRE,22596109.033
A.1.1.1,A.1.1,2017,PAGO DE PERSONAL ,1469438246506
A.9.1,A.9,2017,CONSTRUCCIÓN DE VÍAS ,1478292131
A.1.1.2.2.1.2,A.1.1.2.2.1,2016,APORTES PARA PENSIÓN,12166338.001
A.2.4,A.2,2016,OTROS GASTOS EN SALUD,302927348.757
A.2.2.15.1,A.2.2.15,2017,PROMOCIÓN DE LA SALUD HABITAT SALUDABLE,29574874286
A.1.1.2.5.2.3,A.1.1.2.5.2,2016,ESAP,284707.620
A.1.2.8,A.1.2,2017,CAPACITACIÓN A DOCENTES Y DIRECTIVOS DOCENTES,11186335382
A.2.3.2.5,A.2.3.2,2016,RECOBROS DE LAS EPS DEL REGIMEN SUBSIDIADO POR EVENTOS NO INCLUIDOS EN EL POS,5153442.561
A.14.5.4,A.14.5,2017,PRESTACIÓN DIRECTA DEL SERVICIO,30458357565
A.13.1,A.13,2016,PROMOCIÓN DE ASOCIACIONES Y ALIANZAS PARA EL DESARROLLO EMPRESARIAL E INDUSTRIAL,12248428.93
A.2.4.14,A.2.4,2016,OTROS GASTOS DE SALUD EN EMERGENCIAS Y DESASTRES,886179.855
A.2.3.2.4,A.2.3.2,2016,ATENCIÓN DE URGENCIAS SIN CONTRATO  CON INSTITUCIONES PRESTADORAS DE SERVICIOS DE SALUD PRIVADAS O MIXTAS,5991288.100
A.15.4,A.15,2017,CONSTRUCCIÓN DE PLAZAS DE MERCADO MATADEROS CEMENTERIOS Y MOBILIARIOS DEL ESPACIO PÚBLICO,0
A.1.2.10.2,A.1.2.10,2017,CONTRATACIÓN CON TERCEROS PARA LA PROVISIÓN INTEGRAL DEL SERVICIO DE ALIMENTACIÓN ESCOLAR,299044613843
A.1.1.2.5.2.5,A.1.1.2.5.2,2017,INSTITUTOS TÉCNICOS,545191870
A.1.1.2.2.2.1,A.1.1.2.2.2,2016,SENA,4954478.209
A.1.1.2.2.1.4,A.1.1.2.2.1,2017,APORTES PARA CESANTÍAS,10743892126
A.10.19.4.3,A.10.19.4,2017,IMPLEMENTACION DE PROYECTOS  DE REDUCCION DE EMISIONES GEI EN  SECTORES EMISORES  ART. 76.5.2. LEY 715 DE 2001,36004735000
A.1.2.11,A.1.2,2016,DISEÑO E IMPLEMENTACIÓN DE PLANES DE MEJORAMIENTO,10108638.523
A.9.12,A.9,2016,INTERVENTORIA DE PROYECTOS DE CONSTRUCCIÓN Y MANTENIMIENTO DE INFRAESTRUCTURA DE TRANSPORTE,12209148.802
A.14.1,A.14,2016,PROTECCIÓN INTEGRAL A LA PRIMERA INFANCIA,243085867.679
A.2.3.2,A.2.3,2017,PRESTACION DE SERVICIOS DE SALUD A LA POBLACIÓN POBRE AFILIADA AL REGIMEN SUBSIDIADO NO INCLUIDOS EN EL PLAN OBLIGATORIO DE SALUD POS,130816286572
A.7.2,A.7,2016,SUBSIDIOS PARA MEJORAMIENTO DE VIVIENDA DE INTERÉS SOCIAL,89629.15
A.14.2.4,A.14.2,2017,PRESTACIÓN DIRECTA DEL SERVICIO,4605429119
A.2.2.17.2,A.2.2.17,2017,GESTIÓN DEL RIESGO PREVENCIÓN Y ATENCIÓN INTEGRAL A PROBLEMAS Y TRASTORNOS MENTALES Y SPA.,10435137609
A.2.4.13.1,A.2.4.13,2017,POBLACIÓN VICTIMA DEL DESPLAZAMIENTO FORZADO POR LA VIOLENCIA,1791195045
A.12.17,A.12,2016,INFRAESTRUCTURA DE DEFENSA CONTRA LAS INUNDACIONES,0
A.1.2,A.1,2017,CALIDAD - MATRÍCULA,711300116280
A.1.4.1,A.1.4,2016,MODERNIZACIÓN DE LA SECRETARIA DE EDUCACIÓN,67830085.494
A.12.10,A.12,2017,INVERSIONES EN INFRAESTRUCTURA FÍSICA PARA PREVENCIÓN Y REFORZAMIENTO ESTRUCTURAL.,13300650
A.14.20.2.2,A.14.20.2,2016,ASISTENCIA Y ATENCIÓN INTEGRAL,10786679.891
A.17.7,A.17,2016,ESTRATIFICACIÓN SOCIOECONÓMICA,552776
A.1.1.7,A.1.1,2017,CONTRATACIÓN DE VIGILANCIA A LOS ESTABLECIMIENTOS EDUCATIVOS ESTATALES,110347684629
A.16.1,A.16,2016,PROGRAMAS DE CAPACITACIÓN ASESORÍA Y ASISTENCIA TÉCNICA PARA CONSOLIDAR PROCESOS DE PARTICIPACIÓN CIUDADANA Y CONTROL SOCIAL,13488580.587
A.4.2,A.4,2017,CONSTRUCCIÓN MANTENIMIENTO Y/O ADECUACIÓN DE LOS ESCENARIOS DEPORTIVOS Y RECREATIVOS,125423102019
A.15.5,A.15,2017,MEJORAMIENTO Y MANTENIMIENTO DE PLAZAS DE MERCADO MATADEROS CEMENTERIOS Y MOBILIARIOS DEL ESPACIO PÚBLICO,326781939
A.12.16,A.12,2017,ADQUISICIÓN DE BIENES E INSUMOS PARA LA ATENCIÓN DE LA POBLACIÓN AFECTADA POR DESASTRES    ,957044612
A.1.1.2.5.1,A.1.1.2.5,2016,APORTES DE PREVISIÓN SOCIAL ,15943042.465
A.2.2.23.5,A.2.2.23,2017,DESARROLLO DE CAPACIDADES PARA LA GESTION DE SALUD PUBLICA,13230804564
A.14.4.4,A.14.4,2017,PRESTACIÓN DIRECTA DEL SERVICIO,13153042446
A.14.3.4,A.14.3,2017,PRESTACIÓN DIRECTA DEL SERVICIO,16360874397
A.10.8,A.10,2017,CONSERVACIÓN PROTECCIÓN RESTAURACIÓN Y APROVECHAMIENTO DE RECURSOS NATURALES Y DEL MEDIO AMBIENTE,43075942263
A.12.4.1,A.12.4,2016,RECUPERACIÓN DE ÁREAS DESALOJADAS EN PROCESOS DE REUBICACIÓN DE ASENTAMIENTOS HUMANOS,465033.063
A.2.3.1.1.1,A.2.3.1.1,2016,BAJO NIVEL DE COMPLEJIDAD,619144.534
A.9.5,A.9,2017,MANTENIMIENTO PERIÓDICO DE VÍAS,4442762764
A.18.2,A.18,2016,CONTRATACIÓN DE SERVICIOS ESPECIALES DE POLICÍA EN CONVENIO CON LA POLICÍA NACIONAL,8364364.430
A.3.11,A.3,2016,SERVICIO DE ALCANTARILLADO,118847673
A.2.2.20.2,A.2.2.20,2016,GESTIÓN DEL RIESGO EN ENFERMEDADES EMERGENTES REEMERGENTES Y DESATENDIDAS.,2856923.818
A.14.3,A.14,2016,PROTECCIÓN INTEGRAL A LA ADOLESCENCIA,41626841.692
A.1.2.12,A.1.2,2017,ARRENDAMIENTO DE INMUEBLES DESTINADOS A LA PRESTACIÓN DEL SERVICIO PÚBLICO EDUCATIVO,7063491694
A.1.5.1,A.1.5,2017,SERVICIO PERSONAL APOYO,13168143295
A.4.3,A.4,2016,DOTACIÓN DE ESCENARIOS DEPORTIVOS E IMPLEMENTOS PARA LA PRACTICA DEL DEPORTE,17920628.172
A.2.2.23.2.1,A.2.2.23.2,2016,GASTOS DE INVERSIÓN DEL LABORATORIO DE SALUD PÚBLICA,512003.155
A.12.3,A.12,2017,ADECUACIÓN DE ÁREAS URBANAS Y RURALES EN ZONAS DE ALTO RIESGO,294136184
A.1.2.4,A.1.2,2016,DOTACIÓN INSTITUCIONAL DE INFRAESTRUCTURA EDUCATIVA,7464691.143
A.5.2,A.5,2016,FORMACIÓN CAPACITACIÓN E INVESTIGACIÓN ARTÍSTICA Y CULTURAL,31474109.546
A.2.3.1.3,A.2.3.1,2016,SERVICIOS CONTRATADOS CON INSTITUCIONES PRESTADORAS DE SERVICIOS DE SALUD  PRIVADAS O MIXTAS,16750962.487
A.1.1.2.5.2.4,A.1.1.2.5.2,2017,CAJAS DE COMPENSACIÓN FAMILIAR,2178558580
A.17.9,A.17,2016,ELABORACIÓN Y ACTUALIZACIÓN DEL PLAN DE DESARROLLO,1538908.657
A.7,A,2017,VIVIENDA,105849828025
A.18.4.3,A.18.4,2016,COMPRA DE EQUIPO DE COMUNICACIÓN MONTAJE Y OPERACIÓN DE REDES DE INTELIGENCIA,36460934.974
A.3.10.13,A.3.10,2017,ACUEDUCTO- SUBSIDIOS,103118112780
A.10.19,A.10,2017,CAMBIO CLIMÁTICO ADAPTACIÓN Y MITIGACION AL CAMBIO CLIMÁTICO,36004735000
A.1.2.5,A.1.2,2017,DOTACIÓN INSTITUCIONAL DE MATERIAL Y MEDIOS PEDAGÓGICOS PARA EL APRENDIZAJE,4122994138
A.2.2.19,A.2.2,2017,SEXUALIDAD DERECHOS SEXUALES Y REPRODUCTIVOS,14447825754
A.1.1.2.1.1.10,A.1.1.2.1.1,2016,APORTES DE PREVISIÓN SOCIAL,71983999.981
A.18.4.7,A.18.4,2017,DESARROLLO DEL PLAN INTEGRAL DE SEGURIDAD Y CONVIVENCIA CIUDADANA,13832950862
A.2.2.17,A.2.2,2017,CONVIVENCIA SOCIAL  Y SALUD MENTAL,10435137609
A.9.17,A.9,2017,INFRAESTRUCTURA PARA TRANSPORTE NO MOTORIZADO REDES PEATONALES Y CICLORUTAS,2711733429
A.1.1.2.5.1.3,A.1.1.2.5.1,2016,APORTES ARP,242229.021
A.11.3,A.11,2016,MEJORAMIENTO Y MANTENIMIENTO DE INFRAESTRUCTURA CARCELARIA,0
A.1.2.10,A.1.2,2016,ALIMENTACIÓN ESCOLAR,246741440.043
A.12.9,A.12,2017,EDUCACIÓN PARA LA PREVENCIÓN Y ATENCIÓN DE DESASTRES CON FINES DE CAPACITACIÓN Y PREPARACIÓN,9501819537
A.18.8,A.18,2016,PLAN DE ACCIÓN DE DERECHOS HUMANOS Y DIH,15149452.143